entryid,app_name,last_modified,password,username,userid
1,Facebook,"2025-05-07 15:42:17.953897",12345,izumi,2
2,"Instagram ","2025-05-07 15:44:15.322105",1234,izumi,2
3,Instagram,"2025-05-07 15:44:57.201405",12345,izumikamasaki,2
192,LinkedIn,"2025-05-08 15:46:16.416971",iamatennisplayer,AndyMurray,1
231,LinkedIn,"2025-05-08 15:46:16.416971",iamatennisplayer,"Andy Murray",1
232,Facebook,"2025-05-08 15:47:16.416971",iamatennisplayer,"Andy Murray",1
233,Twitter,"2025-05-08 15:48:16.416971",iamatennisplayer,a.d.u,1
234,Instagram,"2025-05-08 15:49:16.416971",iamatennisplayer,andymurray,1
235,GitHub,"2025-05-08 15:50:16.416971",iamatennisplayer,adu,1
236,Xing,"2025-05-08 15:51:16.416971",iamatennisplayer,"Andy Murray",1
237,Meetup,"2025-05-08 15:52:16.416971",iamatennisplayer,"Andy Murray",1
238,AngelList,"2025-05-08 15:53:16.416971",iamatennisplayer,"Andy Murray",1
239,Behance,"2025-05-08 15:54:16.416971",iamatennisplayer,"Andy Murray",1
240,Dribbble,"2025-05-08 15:55:16.416971",iamatennisplayer,"Andy Murray",1
241,Crunchbase,"2025-05-08 15:56:16.416971",iamatennisplayer,"Andy Murray",1
242,LinkedIn,"2025-05-08 15:46:16.416971",jamescurry,mynameisjames,39
243,Facebook,"2025-05-08 15:47:16.416971",jamescurry,mynameisjames,39
244,Twitter,"2025-05-08 15:48:16.416971",jamescurry,mynameisjames,39
245,Instagram,"2025-05-08 15:49:16.416971",jamescurry,mynameisjames,39
246,GitHub,"2025-05-08 15:50:16.416971",jamescurry,mynameisjames,39
1363,LinkedIn,"2025-05-08 16:00:00.000000",LinhPham12803,Linh,1339
1364,Facebook,"2025-05-08 16:00:00.000000",LinhPham12803,Linh,1339
1365,Twitter,"2025-05-08 16:00:00.000000",LinhPham12803,Linh,1339
1366,Instagram,"2025-05-08 16:00:00.000000",LinhPham12803,Linh,1339
1367,Apple,"2025-05-01 22:01:32.093010",martinez19936789,"Sophia Martinez",1344
1368,Dell,"2025-05-01 23:01:20.001230",martinez19936789,"Sophia Martinez",1344
1369,Samsung,"2025-05-01 11:01:10.049203",martinez19936789,"Sophia Martinez",1344
1370,Microsoft,"2025-05-01 12:01:12.000214",martinez19936789,"Sophia Martinez",1344
1371,Canva,"2025-05-01 17:11:00.000000",SunnyDaysForever,"Abigail Hall",1345
1372,FragranceWorld,"2025-05-02 16:01:00.000000",SunnyDaysForever,"Abigail Hall",1345
1373,JomaShop,"2025-05-02 14:01:34.232400",SunnyDaysForever,"Abigail Hall",1345
1374,Sephora,"2025-05-02 11:01:00.012345",SunnyDaysForever,"Abigail Hall",1345
1375,Spotify,"2025-05-02 12:01:00.021330",nP8#Tj4!Xb2Zm6k,"Wyatt Reed",1346
1376,Airbnb,"2025-05-02 01:01:00.000000",nP8#Tj4!Xb2Zm6k,"Wyatt Reed",1346
1377,Uber,"2025-05-02 09:01:00.000000",nP8#Tj4!Xb2Zm6k,"Wyatt Reed",1346
1378,Lyft,"2025-05-02 08:01:00.000000",nP8#Tj4!Xb2Zm6k,"Wyatt Reed",1346
1379,Netflix,"2025-05-02 12:01:00.000000",tY8$LmN3@qW9zP4r,"David Turner",1347
1380,Hulu,"2025-05-04 10:01:00.000000",tY8$LmN3@qW9zP4r,"David Turner",1347
1381,DisneyPlus,"2025-05-04 06:01:00.000000",tY8$LmN3@qW9zP4r,"David Turner",1347
1382,HBO,"2025-05-05 06:01:00.000000",tY8$LmN3@qW9zP4r,"David Turner",1347
1383,Etsy,"2025-05-05 06:01:00.000000",cheeseburger,"Grace Nelson",1348
1384,Target,"2025-05-05 06:01:00.000000",cheeseburger,"Grace Nelson",1348
1385,HBO,"2025-05-05 11:01:00.000000",cheeseburger,"Grace Nelson",1348
1386,Netflix,"2025-05-08 16:01:00.000000",cheeseburger,"Grace Nelson",1348
1387,Zoom,"2025-05-08 16:01:00.000000",youcantguessmypass,"Harper Lewis",1349
1388,Slack,"2025-05-08 16:01:00.000000",youcantguessmypass,"Harper Lewis",1349
1389,Instagram,"2025-05-08 16:01:00.000000",youcantguessmypass,"Harper Lewis",1349
1390,Amazon,"2025-05-08 16:01:00.000000",youcantguessmypass,"Harper Lewis",1349
1392,Quora,"2025-05-08 16:01:00.000000",thomas19902109,"Lucas Thomas",1350
1393,Medium,"2025-05-08 16:01:00.000000",thomas19902109,"Lucas Thomas",1350
1394,StackOverflow,"2025-05-08 16:01:00.000000",thomas19902109,"Lucas Thomas",1350
1395,Pinterest,"2025-05-08 16:01:00.000000",DreamBig1987,"Ella Young",1351
1396,Tumblr,"2025-05-08 16:01:00.000000",DreamBig1987,"Ella Young",1351
1397,Flickr,"2025-05-08 16:01:00.000000",DreamBig1987,"Ella Young",1351
1398,Imgur,"2025-05-08 16:01:00.000000",DreamBig1987,"Ella Young",1351
1399,Goodreads,"2025-05-08 16:01:00.000000",SunsetLover_86,"Madison Scott",1352
1400,Audible,"2025-05-08 16:01:00.000000",SunsetLover_86,"Madison Scott",1352
1401,Scribd,"2025-05-08 16:01:00.000000",SunsetLover_86,"Madison Scott",1352
1402,Wattpad,"2025-05-08 16:01:00.000000",SunsetLover_86,"Madison Scott",1352
1403,Twitch,"2025-05-08 16:01:00.000000",cattosjeck,travisscottcattosjeck,1353
1404,YouTube,"2025-05-08 16:01:00.000000",cattosjeck,travisscottcattosjeck,1353
1405,Vimeo,"2025-05-08 16:01:00.000000",cattosjeck,travisscottcattosjeck,1353
1406,Dailymotion,"2025-05-08 16:01:00.000000",cattosjeck,travisscottcattosjeck,1353
1407,Figma,"2025-05-08 16:01:00.000000",KeepGoing2010,"Matthew Baker",1354
1408,Sketch,"2025-05-08 16:01:00.000000",KeepGoing2010,"Matthew Baker",1354
1409,InVision,"2025-05-08 16:01:00.000000",KeepGoing2010,"Matthew Baker",1354
1410,Marvel,"2025-05-08 16:01:00.000000",KeepGoing2010,"Matthew Baker",1354
1411,NationalGeographic,"2025-05-08 16:01:00.000000",AdventureAwaits1,"Victoria Mitchell",1355
1412,LonelyPlanet,"2025-05-08 16:01:00.000000",AdventureAwaits1,"Victoria Mitchell",1355
1413,TripAdvisor,"2025-05-08 16:01:00.000000",AdventureAwaits1,"Victoria Mitchell",1355
1414,Expedia,"2025-05-08 16:01:00.000000",AdventureAwaits1,"Victoria Mitchell",1355
1415,GuitarCenter,"2025-05-08 16:01:00.000000",usedtoshopatald,KanyeWest,1356
1416,MusicianFriend,"2025-05-08 16:01:00.000000",usedtoshopatald,KanyeWest,1356
1417,Sweetwater,"2025-05-08 16:01:00.000000",usedtoshopatald,KanyeWest,1356
1418,Reverb,"2025-05-08 16:01:00.000000",usedtoshopatald,KanyeWest,1356
1419,ArtStation,"2025-05-08 16:01:00.000000",LifeIsBeautiful,Baker,1357
1420,DeviantArt,"2025-05-08 16:01:00.000000",LifeIsBeautiful,Baker,1357
1421,500px,"2025-05-08 16:01:00.000000",LifeIsBeautiful,Baker,1357
1422,Pixiv,"2025-05-08 16:01:00.000000",LifeIsBeautiful,Baker,1357
